--
-- PostgreSQL database dump
--

-- Dumped from database version 15.11 (Ubuntu 15.11-1.pgdg20.04+1)
-- Dumped by pg_dump version 17.3 (Ubuntu 17.3-3.pgdg20.04+1)

SET statement_timeout = 0;
SET lock_timeout = 0;
SET idle_in_transaction_session_timeout = 0;
SET transaction_timeout = 0;
SET client_encoding = 'UTF8';
SET standard_conforming_strings = on;
SELECT pg_catalog.set_config('search_path', '', false);
SET check_function_bodies = false;
SET xmloption = content;
SET client_min_messages = warning;
SET row_security = off;

--
-- Data for Name: dim_age_group; Type: TABLE DATA; Schema: public; Owner: postgres
--

COPY public.dim_age_group (age_id, age_range) FROM stdin;
1	18-24
2	25-34
3	35-44
4	45-54
5	55+
\.


--
-- Data for Name: dim_date; Type: TABLE DATA; Schema: public; Owner: postgres
--

COPY public.dim_date (date_id, date_value) FROM stdin;
20240101	2024-01-01
20240102	2024-01-02
20240103	2024-01-03
20240104	2024-01-04
20240105	2024-01-05
20240106	2024-01-06
20240107	2024-01-07
20240108	2024-01-08
20240109	2024-01-09
20240110	2024-01-10
20240111	2024-01-11
20240112	2024-01-12
20240113	2024-01-13
20240114	2024-01-14
20240115	2024-01-15
20240116	2024-01-16
20240117	2024-01-17
20240118	2024-01-18
20240119	2024-01-19
20240120	2024-01-20
20240121	2024-01-21
20240122	2024-01-22
20240123	2024-01-23
20240124	2024-01-24
20240125	2024-01-25
20240126	2024-01-26
20240127	2024-01-27
20240128	2024-01-28
20240129	2024-01-29
20240130	2024-01-30
20240131	2024-01-31
20240201	2024-02-01
20240202	2024-02-02
20240203	2024-02-03
20240204	2024-02-04
20240205	2024-02-05
20240206	2024-02-06
20240207	2024-02-07
20240208	2024-02-08
20240209	2024-02-09
20240210	2024-02-10
20240211	2024-02-11
20240212	2024-02-12
20240213	2024-02-13
20240214	2024-02-14
20240215	2024-02-15
20240216	2024-02-16
20240217	2024-02-17
20240218	2024-02-18
20240219	2024-02-19
20240220	2024-02-20
20240221	2024-02-21
20240222	2024-02-22
20240223	2024-02-23
20240224	2024-02-24
20240225	2024-02-25
20240226	2024-02-26
20240227	2024-02-27
20240228	2024-02-28
20240229	2024-02-29
20240301	2024-03-01
20240302	2024-03-02
20240303	2024-03-03
20240304	2024-03-04
20240305	2024-03-05
20240306	2024-03-06
20240307	2024-03-07
20240308	2024-03-08
20240309	2024-03-09
20240310	2024-03-10
20240311	2024-03-11
20240312	2024-03-12
20240313	2024-03-13
20240314	2024-03-14
20240315	2024-03-15
20240316	2024-03-16
20240317	2024-03-17
20240318	2024-03-18
20240319	2024-03-19
20240320	2024-03-20
20240321	2024-03-21
20240322	2024-03-22
20240323	2024-03-23
20240324	2024-03-24
20240325	2024-03-25
20240326	2024-03-26
20240327	2024-03-27
20240328	2024-03-28
20240329	2024-03-29
20240330	2024-03-30
20240331	2024-03-31
\.


--
-- Data for Name: dim_device_type; Type: TABLE DATA; Schema: public; Owner: postgres
--

COPY public.dim_device_type (device_type_id, device_type_name) FROM stdin;
1	Mobile
2	Desktop
3	Tablet
\.


--
-- Data for Name: dim_gender; Type: TABLE DATA; Schema: public; Owner: postgres
--

COPY public.dim_gender (gender_id, gender_name) FROM stdin;
1	Male
2	Female
3	Other
\.


--
-- Data for Name: dim_placement; Type: TABLE DATA; Schema: public; Owner: postgres
--

COPY public.dim_placement (placement_id, placement_name) FROM stdin;
1	News Feed
2	Search
3	Video Ads
4	Stories
5	Banner
\.


--
-- Data for Name: dim_platform; Type: TABLE DATA; Schema: public; Owner: postgres
--

COPY public.dim_platform (platform_id, platform_name) FROM stdin;
1	Facebook
2	Google
3	Instagram
4	TikTok
5	Twitter
\.


--
-- Data for Name: dim_region; Type: TABLE DATA; Schema: public; Owner: postgres
--

COPY public.dim_region (region_id, region_name) FROM stdin;
1	North America
2	Europe
3	Asia
4	South America
5	Africa
\.


--
-- Data for Name: fact_ad_metrics_daily; Type: TABLE DATA; Schema: public; Owner: postgres
--

COPY public.fact_ad_metrics_daily (id, date_id, region_id, age_id, gender_id, platform_id, placement_id, device_type_id, impressions, clicks, cost, conversions, likes) FROM stdin;
2001	20240227	5	1	2	1	5	1	14016	773	279.2	34	249
2002	20240123	4	5	3	5	4	3	39675	1510	457.74	25	90
2003	20240111	1	1	2	5	1	1	6561	734	398.5	61	275
2004	20240205	3	3	2	5	3	2	37665	410	404.8	37	160
2005	20240131	4	2	1	3	5	1	5271	1051	132.89	39	207
2006	20240105	3	5	1	2	1	2	31328	798	225.52	51	346
2007	20240309	1	3	1	4	4	2	25885	733	303.22	46	494
2008	20240118	1	2	3	5	2	3	36336	588	125.65	87	375
2009	20240120	5	5	2	4	2	1	18266	492	436.58	22	224
2010	20240316	3	1	3	1	1	2	46547	1398	306.53	37	332
2011	20240104	2	3	3	4	3	1	27298	670	300.09	75	241
2012	20240125	3	4	2	2	2	2	3020	1950	499.53	1	181
2013	20240124	1	3	2	5	1	3	49098	643	325.8	42	105
2014	20240118	5	3	2	1	5	2	25356	915	64.76	42	479
2015	20240225	2	2	3	2	2	3	22986	1149	51.58	2	284
2016	20240227	2	2	2	3	5	2	26675	1618	449.34	3	85
2017	20240211	5	2	1	1	3	2	25587	1911	30.46	20	217
2018	20240202	3	5	1	3	4	2	21917	1946	446.02	87	5
2019	20240215	4	3	3	1	5	1	11763	425	427.27	35	407
2020	20240324	1	2	2	3	2	2	19181	1984	222.03	94	206
2021	20240312	5	4	2	2	3	3	3307	928	374.73	13	443
2022	20240108	1	3	3	2	4	2	48912	1073	459.94	21	392
2023	20240321	5	2	2	1	3	3	1198	293	109.78	76	435
2024	20240220	1	1	3	2	1	1	33215	1924	257.51	78	167
2025	20240307	4	1	3	3	3	2	29867	1941	200.31	67	216
2026	20240226	2	2	2	1	5	2	44644	1426	108.68	18	274
2027	20240306	5	2	3	1	2	1	24844	819	120.43	75	497
2028	20240202	5	2	1	4	3	3	44781	997	41.33	33	448
2029	20240319	3	1	2	3	2	1	18166	775	193.03	92	70
2030	20240119	5	5	2	2	3	3	31985	1878	348.25	3	216
2031	20240330	4	5	3	2	3	1	19795	1282	50.01	82	446
2032	20240309	1	5	3	3	3	3	36974	1926	46.78	15	92
2033	20240117	2	4	1	4	5	2	22458	1347	61.23	71	225
2034	20240228	1	4	1	4	1	1	34018	1850	181.86	90	458
2035	20240125	4	1	1	3	1	3	2229	593	317.64	39	232
2036	20240112	2	2	1	3	3	3	16509	839	428.04	73	297
2037	20240113	4	3	3	3	2	3	43670	33	234.19	34	464
2038	20240114	2	3	3	4	5	2	2698	1389	284.23	92	470
2039	20240307	3	5	3	5	1	3	8708	1511	66.34	74	22
2040	20240306	2	1	2	5	4	2	2713	1149	460.36	28	137
2041	20240111	2	1	2	1	5	3	33216	276	244.64	36	237
2042	20240311	3	2	2	5	5	3	48750	283	295.63	49	141
2043	20240115	1	1	1	1	3	1	48349	1315	488.51	31	19
2044	20240314	3	1	2	4	4	1	40188	682	86.86	55	212
2045	20240117	1	4	3	4	5	3	30913	777	128.76	26	273
2046	20240103	2	3	3	2	2	1	24533	715	406.77	75	283
2047	20240108	4	2	1	2	5	1	9742	1792	81.84	9	400
2048	20240314	2	5	3	4	3	2	9336	310	465.23	90	440
2049	20240125	3	1	3	1	2	3	29903	1317	126.42	69	225
2050	20240322	1	3	2	2	4	2	39144	1088	184.48	45	391
2051	20240317	3	5	2	4	3	3	5056	1144	241.8	29	403
2052	20240308	4	3	2	4	4	1	45911	481	497.57	32	379
2053	20240320	1	1	2	1	4	2	35473	376	35.18	42	387
2054	20240330	4	5	3	5	1	3	35395	1359	317.99	5	499
2055	20240326	3	5	2	3	4	3	46934	246	478.81	25	430
2056	20240107	2	3	2	4	4	1	48871	1406	116.89	71	500
2057	20240320	3	2	1	4	1	1	42305	45	243.09	90	476
2058	20240126	1	3	2	2	5	3	41683	1972	175.54	39	243
2059	20240316	1	5	3	2	5	2	37451	1243	425.87	6	480
2060	20240119	3	2	2	2	4	2	41206	1504	62.25	94	230
2061	20240130	3	2	3	1	4	1	29034	1524	467.79	67	451
2062	20240320	1	5	1	4	1	3	3234	1223	242.55	69	427
2063	20240112	4	4	1	5	1	3	34960	1859	147.43	4	303
2064	20240226	5	2	3	4	5	2	4983	573	472.99	20	247
2065	20240318	2	3	3	5	3	1	3518	113	179.59	80	10
2066	20240221	5	1	2	2	4	2	33543	689	410.95	7	385
2067	20240116	4	3	1	5	3	2	24401	1648	498.1	81	167
2068	20240112	2	5	1	2	4	3	42631	1086	349.3	41	346
2069	20240216	3	5	1	5	2	1	48010	1005	474.58	30	151
2070	20240212	4	1	1	5	1	1	16920	162	272.53	8	467
2071	20240114	5	3	1	5	1	1	32379	1702	420.33	1	87
2072	20240106	5	5	2	4	2	2	23398	1573	256.93	44	455
2073	20240102	1	4	1	2	2	1	28495	461	75.2	54	281
2074	20240309	5	5	2	4	3	1	20729	1787	102.81	66	270
2075	20240328	4	5	3	5	1	3	46643	415	48.39	47	223
2076	20240202	2	1	3	2	4	1	42778	25	318.47	52	255
2077	20240210	5	4	1	5	2	2	9059	1246	497.09	68	105
2078	20240203	2	2	2	3	2	1	33374	202	235.45	75	267
2079	20240204	2	2	2	1	2	2	46587	1210	413.25	93	273
2080	20240217	3	2	1	4	5	2	43728	1783	34.31	78	82
2081	20240114	1	5	2	3	1	2	15481	1152	188.2	94	364
2082	20240111	5	5	2	1	4	2	25874	549	67.24	80	258
2083	20240305	2	5	1	1	1	1	45881	250	67.92	39	36
2084	20240307	4	5	2	1	2	2	21451	1563	167.62	33	103
2085	20240220	3	1	3	4	3	1	36546	712	227.17	30	261
2086	20240116	2	5	1	1	1	2	28617	711	293.41	63	48
2087	20240202	2	4	2	5	2	3	30985	1254	71.9	86	353
2088	20240327	1	3	3	3	1	2	10809	1833	21.84	11	318
2089	20240205	2	3	3	5	5	3	5516	680	181.81	94	47
2090	20240220	5	2	2	4	2	2	31022	865	361.39	20	318
2091	20240306	5	5	2	4	3	1	24756	534	25.38	13	317
2092	20240210	3	3	2	3	1	2	3639	1260	366.21	91	225
2093	20240220	2	3	2	3	5	3	33057	815	384.09	11	336
2094	20240125	3	2	1	1	1	1	5040	596	230.48	72	246
2095	20240329	3	5	1	2	5	3	17913	1921	280.99	84	160
2096	20240319	3	5	1	1	3	2	8440	1308	307.74	95	250
2097	20240113	3	2	3	1	3	1	6141	1465	325.2	57	204
2098	20240101	2	4	1	4	5	1	20101	807	439.62	89	427
2099	20240104	2	1	2	1	2	3	33394	88	278.04	54	311
2100	20240115	4	1	3	1	1	3	42015	1052	303.21	32	285
2101	20240312	3	3	3	5	5	1	34273	428	38.84	8	49
2102	20240304	2	4	2	2	5	1	14900	1546	494.68	72	479
2103	20240313	1	2	1	4	3	3	15314	1894	90.21	67	461
2104	20240122	4	5	1	3	5	2	9183	633	447.2	19	344
2105	20240206	3	2	1	4	5	1	5549	1304	185.02	35	434
2106	20240322	2	1	1	2	1	2	8554	1329	287.29	11	93
2107	20240109	3	5	3	1	3	2	21807	228	233.84	21	294
2108	20240123	1	3	1	4	2	3	17109	775	279.58	10	51
2109	20240321	2	3	1	4	4	2	19786	69	185.51	88	152
2110	20240303	2	1	3	5	2	2	41286	1842	68.5	22	105
2111	20240326	1	1	2	3	5	1	40192	1861	444.08	62	158
2112	20240121	2	2	3	3	5	3	5871	931	184.96	11	264
2113	20240207	5	1	1	5	3	1	5334	1580	367.16	68	386
2114	20240127	2	3	3	3	2	3	4078	973	92.8	74	127
2115	20240131	2	5	2	4	1	2	43966	473	410.81	32	59
2116	20240120	3	5	2	5	5	1	31676	1536	134.92	51	289
2117	20240331	2	2	2	1	5	3	27146	121	147.29	100	96
2118	20240128	2	4	3	1	3	1	9287	1462	109.23	94	439
2119	20240225	2	3	2	4	1	1	11813	976	388.7	65	100
2120	20240219	1	5	2	1	2	3	22118	937	412.08	85	326
2121	20240312	2	2	2	5	4	1	34835	1736	410.28	24	302
2122	20240102	2	5	1	3	4	3	11062	1938	474.4	48	155
2123	20240212	3	5	1	4	3	2	3911	534	463.72	64	81
2124	20240311	5	5	1	3	2	1	6804	810	438.94	6	295
2125	20240210	5	1	2	4	1	2	26002	923	302.83	83	360
2126	20240318	3	2	3	4	1	3	11913	592	290.86	81	103
2127	20240312	1	2	3	4	5	3	39035	1645	482.23	95	272
2128	20240126	1	4	3	1	3	1	25818	21	147.95	64	184
2129	20240220	2	4	3	3	5	2	17302	276	242.23	11	390
2130	20240309	5	4	1	3	3	3	15351	688	81.35	56	478
2131	20240321	4	5	3	4	5	3	27181	1783	68.14	60	406
2132	20240120	2	4	1	4	4	2	24340	933	439.57	14	299
2133	20240212	2	2	3	4	4	3	22897	1913	96.13	22	418
2134	20240315	1	2	2	5	4	3	19160	1095	483.55	95	29
2135	20240226	2	4	1	1	3	1	10171	1811	19.05	77	207
2136	20240313	2	4	2	4	4	2	35286	1673	425.34	71	352
2137	20240305	2	1	2	1	1	3	4389	1544	365	39	429
2138	20240209	4	1	3	1	4	2	34624	141	446.16	87	278
2139	20240327	2	3	2	5	2	3	44567	188	495.94	46	371
2140	20240218	4	1	1	1	5	3	10555	857	467.14	40	483
2141	20240120	1	1	3	1	3	1	47645	1443	65.27	100	143
2142	20240210	5	1	2	4	5	3	8954	281	356.92	92	346
2143	20240329	1	1	2	1	3	2	21856	1506	121.45	7	215
2144	20240126	4	3	3	5	4	2	11089	691	242.72	46	323
2145	20240210	3	4	2	3	1	3	10745	583	440.06	92	143
2146	20240310	4	4	2	4	3	3	46413	687	85.17	78	134
2147	20240112	5	2	1	2	2	3	46145	157	397.86	38	366
2148	20240319	1	4	3	3	2	3	10704	1475	244.36	22	244
2149	20240227	2	2	1	4	1	1	10805	1838	113.31	20	118
2150	20240111	5	1	2	3	3	2	29241	1140	60.61	22	139
2151	20240219	2	2	3	2	4	2	22270	209	108.69	55	289
2152	20240122	2	3	2	5	1	2	42574	316	42.14	45	455
2153	20240225	4	5	2	3	5	1	17624	222	342.12	15	134
2154	20240313	3	1	3	4	5	2	15578	88	151.45	53	56
2155	20240315	5	5	2	4	4	2	38508	1839	436.08	44	284
2156	20240222	2	1	3	2	1	2	34512	559	261.31	65	479
2157	20240121	2	4	1	4	3	3	19618	324	70.89	99	444
2158	20240112	5	2	2	3	3	3	8541	1687	461.92	99	474
2159	20240106	1	3	3	5	1	1	12770	737	353.67	83	399
2160	20240125	4	1	1	4	3	3	4968	236	209.53	100	90
2161	20240325	2	1	3	5	5	2	10642	1619	293.63	76	500
2162	20240204	2	5	3	5	4	3	6418	1136	131.16	4	372
2163	20240202	5	4	3	3	5	2	3066	1699	193.33	35	236
2164	20240209	4	4	3	3	5	2	44339	731	361.25	30	151
2165	20240317	1	1	1	4	1	2	12417	45	38.2	37	465
2166	20240106	5	1	1	5	5	3	17372	897	60.74	97	5
2167	20240120	2	1	2	3	4	2	24327	1073	146.92	17	496
2168	20240215	1	2	2	5	1	2	43338	381	248.66	22	220
2169	20240203	5	3	3	2	5	3	6816	107	258.46	88	293
2170	20240124	3	1	2	3	1	1	16676	911	237.21	75	132
2171	20240111	2	2	3	2	1	3	33759	369	201.73	39	71
2172	20240311	5	4	2	5	5	3	33807	1044	281.09	67	331
2173	20240110	1	4	3	1	2	2	24671	252	37.46	8	379
2174	20240215	2	3	1	3	1	2	26947	703	252.73	43	192
2175	20240306	4	4	1	4	4	2	28329	161	171.77	48	401
2176	20240131	4	2	1	2	2	1	14567	1326	367.81	10	166
2177	20240201	3	2	2	1	2	3	5327	1431	71.3	47	461
2178	20240113	3	5	1	1	5	3	12259	260	273.67	48	383
2179	20240320	3	5	1	4	1	3	24754	273	185.47	48	391
2180	20240203	2	3	3	4	5	2	37112	25	154.01	5	37
2181	20240224	4	1	2	4	5	3	4707	1057	277.18	11	94
2182	20240109	4	5	3	2	2	1	11805	325	117.76	32	145
2183	20240305	4	4	1	5	2	1	28676	721	153.16	60	316
2184	20240224	1	4	1	5	5	3	6836	891	190.02	29	236
2185	20240308	5	3	2	2	3	2	43964	1490	145.76	50	141
2186	20240313	4	4	1	5	5	3	49201	1878	489.1	94	259
2187	20240225	1	3	3	2	3	2	2594	1883	344.28	89	133
2188	20240127	5	3	1	3	5	3	35968	1011	104.25	81	393
2189	20240227	1	5	2	1	2	2	25992	1773	334.58	38	383
2190	20240323	4	3	2	1	1	3	32512	84	187.62	21	464
2191	20240310	4	3	3	2	4	3	41678	113	279.48	96	42
2192	20240307	1	5	2	3	5	3	34030	927	234.55	81	283
2193	20240206	3	2	2	3	5	1	5383	83	218.8	53	427
2194	20240122	1	4	2	4	2	3	37466	1163	403.6	32	33
2195	20240219	3	4	3	2	1	3	32479	572	353.12	69	80
2196	20240108	2	5	1	2	4	2	31963	1821	420.4	73	38
2197	20240215	1	4	3	2	3	2	35999	1424	62.37	1	362
2198	20240311	3	4	2	1	1	3	23003	227	395.24	67	77
2199	20240205	3	2	1	5	4	1	37809	1177	253.48	43	30
2200	20240322	3	3	3	4	5	3	14586	380	291.72	49	420
2201	20240301	1	1	3	1	1	1	1615	897	41.84	92	197
2202	20240206	4	4	1	1	5	3	44389	1787	355.54	90	302
2203	20240109	4	1	2	4	3	3	12463	1704	52.18	59	317
2204	20240113	3	4	2	3	3	2	38162	1173	307.83	18	158
2205	20240228	3	1	2	4	2	2	27621	505	459.48	22	294
2206	20240225	5	5	1	1	1	2	23962	1762	283.84	67	90
2207	20240106	1	1	3	1	3	3	14254	1549	79.09	89	121
2208	20240121	3	2	2	2	4	1	44154	729	261.87	94	266
2209	20240221	3	2	3	1	2	3	24005	42	393.85	15	378
2210	20240327	4	4	2	5	3	2	8414	183	88.11	27	500
2211	20240321	5	5	1	2	2	3	44076	1970	428.46	79	306
2212	20240305	3	4	3	5	4	2	42329	1305	288.12	28	153
2213	20240313	4	1	3	2	4	3	3084	1500	215.93	55	12
2214	20240126	4	4	2	3	3	1	2924	1096	378.96	14	330
2215	20240227	1	1	1	2	5	1	32109	1085	126.08	49	324
2216	20240322	4	3	3	3	3	2	16131	1703	418.69	21	21
2217	20240101	4	2	3	4	2	1	30135	992	215.38	84	291
2218	20240314	3	3	2	4	5	2	39440	1604	132.25	49	384
2219	20240311	2	3	2	3	2	2	22531	306	149.31	64	194
2220	20240229	4	4	3	5	3	1	9813	1678	199.57	59	83
2221	20240305	4	3	1	2	1	2	36796	593	431.68	8	385
2222	20240128	3	1	3	2	1	1	12043	1234	57.13	98	454
2223	20240304	4	5	3	2	5	3	2622	125	471.16	53	491
2224	20240220	3	3	1	3	5	1	41158	463	368.71	12	274
2225	20240109	4	5	3	5	5	2	8742	151	117.82	69	162
2226	20240130	5	3	3	4	1	3	39508	1592	356.94	78	306
2227	20240310	4	5	1	5	1	3	15423	388	169.99	59	276
2228	20240117	5	3	2	1	4	1	33772	876	340.88	84	83
2229	20240225	3	3	1	3	2	3	46819	1559	67.99	23	418
2230	20240208	1	1	2	2	4	3	23141	1856	423.34	36	293
2231	20240217	4	2	3	1	1	3	38292	560	125.24	90	341
2232	20240207	1	5	3	5	5	2	19140	911	41.3	17	179
2233	20240119	4	1	2	4	1	1	49210	1674	199.8	5	224
2234	20240313	2	4	3	5	3	1	9581	1094	381.9	18	464
2235	20240321	4	5	3	4	3	1	20583	69	218.97	25	496
2236	20240112	4	5	3	4	2	2	1161	312	468.76	28	242
2237	20240228	2	4	2	4	3	2	28797	1363	383.02	84	181
2238	20240226	2	5	3	4	2	2	47511	102	448.56	85	28
2239	20240303	4	2	1	3	5	2	10424	1902	60.88	14	283
2240	20240220	5	2	2	3	5	2	45524	673	482.36	27	51
2241	20240330	3	1	1	2	1	3	30965	270	294.18	56	455
2242	20240313	2	3	1	5	1	2	4566	965	13.23	35	490
2243	20240224	4	5	1	1	1	1	37423	1925	50.97	9	67
2244	20240114	2	3	3	5	3	1	36455	1557	213.18	25	14
2245	20240331	4	1	2	5	4	2	10421	1480	446.45	64	261
2246	20240103	1	3	1	2	2	2	2847	1188	19.95	77	189
2247	20240127	1	5	2	1	5	3	44010	1502	464.85	10	64
2248	20240226	4	3	3	5	5	3	41023	394	253.59	66	96
2249	20240129	5	3	2	1	4	1	30092	1382	95.95	57	266
2250	20240210	4	1	2	1	3	1	9996	1121	425.23	87	386
2251	20240218	5	3	1	2	4	3	1847	612	136.7	49	92
2252	20240306	5	2	1	4	2	1	4059	1629	30.29	17	258
2253	20240311	4	3	3	3	1	1	12370	433	32.3	80	447
2254	20240113	1	1	2	2	2	1	7166	1542	454.17	8	169
2255	20240305	2	5	3	3	1	2	1987	853	152.1	75	286
2256	20240210	5	4	1	5	1	2	1931	665	320.2	13	378
2257	20240320	1	5	2	2	1	2	11700	1786	440.33	9	29
2258	20240227	5	2	1	5	3	2	41451	656	480.75	15	73
2259	20240204	4	3	2	4	1	3	13093	811	319.8	51	78
2260	20240117	5	1	3	1	5	2	9768	1401	342.48	73	470
2261	20240322	3	1	1	2	4	3	39005	629	55.89	33	109
2262	20240102	1	1	2	4	3	2	27416	826	49.79	97	7
2263	20240104	5	4	2	2	2	3	21042	974	233.7	91	127
2264	20240323	1	4	3	4	5	2	6731	1544	336.44	78	199
2265	20240322	5	3	2	5	3	1	24655	1619	331.92	41	18
2266	20240214	4	3	2	5	5	2	25132	1483	42.15	57	343
2267	20240126	4	2	3	3	3	2	14657	1894	460.35	32	342
2268	20240129	3	1	3	5	5	2	22615	857	349.51	57	413
2269	20240101	2	1	3	1	5	1	22558	1807	24.7	100	58
2270	20240306	2	2	3	3	4	3	46257	546	257.5	8	135
2271	20240304	5	1	2	4	2	1	20226	504	361.34	94	44
2272	20240207	1	2	1	4	2	2	20017	566	375.7	61	6
2273	20240306	3	1	2	5	2	2	15592	1992	171.21	62	264
2274	20240229	2	3	3	5	5	1	34460	1314	419.11	47	249
2275	20240210	2	2	2	4	1	1	37367	477	211.9	94	227
2276	20240129	2	2	1	4	4	2	4797	989	134.07	71	498
2277	20240102	5	3	3	5	3	3	24565	443	38.35	93	305
2278	20240325	2	2	2	1	3	1	4398	599	303.84	34	383
2279	20240220	3	1	1	1	5	1	35607	1526	221.84	19	139
2280	20240223	4	5	3	4	3	1	39487	1646	388.6	76	405
2281	20240126	2	1	2	5	4	2	13880	230	319.25	77	268
2282	20240311	4	3	1	3	4	2	32726	1386	472.1	24	276
2283	20240123	4	2	2	3	3	1	31750	98	20.66	46	111
2284	20240326	4	5	3	2	5	3	18776	708	68.21	35	126
2285	20240306	3	1	2	1	3	3	45057	19	471.9	27	59
2286	20240328	5	1	3	5	2	1	30653	1880	214.88	28	7
2287	20240309	5	5	3	1	1	2	47389	469	112.84	9	232
2288	20240228	4	1	2	5	3	1	19289	56	341.48	86	89
2289	20240209	4	2	1	5	4	1	11697	962	414.16	50	319
2290	20240105	5	1	2	3	3	3	7551	1585	282.43	27	378
2291	20240121	5	5	2	5	4	2	18106	503	145.63	13	322
2292	20240306	5	5	3	5	4	2	11384	1890	414.28	89	325
2293	20240223	3	3	3	3	4	1	22426	1198	413.08	76	390
2294	20240214	3	2	1	3	4	3	32854	1724	354.58	95	10
2295	20240117	1	1	1	4	4	1	10483	222	358.42	75	326
2296	20240323	4	1	2	5	5	1	29651	1148	222.05	5	65
2297	20240208	1	1	3	4	5	3	22217	616	237.75	3	304
2298	20240104	2	2	1	3	3	1	15314	1340	154.61	21	261
2299	20240202	1	2	1	1	2	3	6989	475	99.05	1	96
2300	20240322	1	2	1	1	3	2	46190	509	211.99	80	354
2301	20240324	2	4	3	4	3	3	16844	1903	485.31	4	41
2302	20240114	1	5	2	4	3	1	5974	1474	81.48	41	254
2303	20240307	3	4	3	5	2	3	49370	723	253.98	85	424
2304	20240228	5	3	3	2	4	1	48914	1552	265.96	42	233
2305	20240118	5	3	2	5	4	2	35401	851	294.08	81	58
2306	20240123	1	2	1	2	3	1	29672	504	226.95	77	258
2307	20240220	2	2	3	2	2	2	5446	949	186.82	7	356
2308	20240203	2	4	3	5	5	2	46875	1446	229.17	68	420
2309	20240114	5	4	1	2	2	3	49003	1900	245.94	86	319
2310	20240128	5	4	1	3	2	1	32763	1353	420.81	93	168
2311	20240301	4	3	2	2	2	1	33400	277	86.15	51	493
2312	20240312	1	4	3	2	2	3	9277	715	331.8	87	71
2313	20240106	3	1	2	5	2	2	20079	618	122.83	65	190
2314	20240319	2	4	3	4	1	2	15032	1482	148.02	90	487
2315	20240221	4	3	3	2	4	2	4307	207	303.41	2	381
2316	20240218	2	4	3	5	1	1	3464	919	365.89	40	107
2317	20240211	1	4	3	2	3	2	14350	1638	224.2	7	292
2318	20240321	2	1	3	1	2	3	28529	252	238.83	93	203
2319	20240327	4	2	2	5	1	2	49415	845	449.41	44	159
2320	20240130	1	3	2	5	5	3	17634	946	472.26	78	417
2321	20240205	3	2	3	5	2	3	42391	1967	20.98	92	165
2322	20240104	2	4	1	3	1	2	26332	128	175.72	78	322
2323	20240215	3	1	1	5	2	2	40730	834	124.2	38	184
2324	20240226	3	1	1	2	5	3	42383	1634	472.55	15	31
2325	20240104	2	5	2	3	3	1	31748	1568	316.78	3	23
2326	20240117	3	1	1	1	5	3	3460	539	378.9	24	279
2327	20240112	4	4	1	1	5	2	34875	1430	196.93	50	189
2328	20240314	1	3	1	2	5	2	30971	1594	188.04	27	475
2329	20240105	4	4	2	4	3	3	49004	1573	122.85	98	377
2330	20240227	3	4	2	4	5	3	29917	1097	226.73	90	169
2331	20240102	1	5	3	1	4	2	30040	270	332.22	32	86
2332	20240128	4	2	3	5	4	1	35556	1315	48.91	29	36
2333	20240116	4	5	2	1	3	2	2526	119	471.37	83	93
2334	20240213	5	3	2	4	2	3	9393	51	308.72	62	350
2335	20240311	3	4	2	2	4	2	48430	1644	208.37	88	435
2336	20240305	1	3	1	2	4	3	32698	1873	242.9	73	97
2337	20240109	2	2	1	3	2	3	14996	1781	59.47	30	251
2338	20240319	3	4	2	1	5	1	10039	1152	227.08	99	426
2339	20240128	5	4	1	5	1	2	10406	710	135.96	45	352
2340	20240214	1	5	3	2	5	2	20610	1403	126.87	16	364
2341	20240307	5	1	3	5	3	1	4743	1599	105.67	29	116
2342	20240108	4	4	2	5	1	2	5618	218	190.48	55	221
2343	20240222	4	1	3	3	1	1	31616	790	100.45	76	165
2344	20240208	2	5	3	1	2	1	41991	1043	453.65	84	327
2345	20240326	2	4	2	1	4	2	2149	866	66.34	21	175
2346	20240309	2	2	1	5	3	3	3463	1962	69.68	99	376
2347	20240216	4	2	3	1	3	1	1644	1626	102.72	56	449
2348	20240316	4	5	1	2	1	1	23347	992	439.42	56	454
2349	20240223	3	4	1	4	2	2	13118	472	160.56	46	53
2350	20240225	4	4	1	2	4	2	25889	763	224.55	42	35
2351	20240226	2	2	2	3	5	3	23045	1565	271.4	84	363
2352	20240329	1	4	2	5	1	1	31098	193	127.68	30	218
2353	20240116	3	3	3	2	1	3	43277	1801	219.07	67	179
2354	20240126	1	5	2	3	2	3	11529	466	412.09	93	309
2355	20240116	2	3	1	3	4	1	37582	1823	18.19	72	127
2356	20240119	5	5	1	3	5	1	23257	1340	315.56	23	36
2357	20240227	1	4	1	1	2	3	21002	755	372.45	56	424
2358	20240321	1	4	3	2	2	3	10365	1439	77.23	9	199
2359	20240218	3	3	2	3	2	3	20093	1051	226.97	44	242
2360	20240206	1	1	1	2	3	2	28021	1919	392.92	53	371
2361	20240318	3	4	1	1	2	1	35900	1314	355.5	65	490
2362	20240107	5	4	3	3	3	2	25150	734	254.53	45	317
2363	20240111	2	5	2	5	4	1	17663	1934	168.66	56	359
2364	20240321	2	2	2	4	5	1	25530	1887	253.01	60	352
2365	20240329	3	3	3	2	5	1	40463	980	289.62	60	202
2366	20240109	4	5	3	3	3	2	31202	1456	42.02	81	436
2367	20240118	3	3	2	3	1	2	8302	154	311.42	59	44
2368	20240118	3	5	3	2	4	1	22018	569	497.77	57	187
2369	20240223	5	2	2	3	3	2	37963	1565	234.37	92	222
2370	20240207	4	1	1	3	4	2	3335	896	239.55	74	280
2371	20240310	5	5	1	5	4	3	47996	948	128.87	13	405
2372	20240218	5	1	1	2	3	1	42040	87	450.18	32	280
2373	20240319	5	1	2	3	1	1	10776	743	68.78	64	418
2374	20240217	3	5	3	1	4	1	33995	1191	421.7	69	72
2375	20240310	2	3	1	3	1	3	49965	1188	358.93	78	200
2376	20240316	5	2	2	5	3	3	28452	1233	15.07	16	303
2377	20240105	2	3	2	2	4	1	5109	1759	151.73	59	359
2378	20240224	4	2	1	3	4	3	49189	1230	166.09	9	140
2379	20240202	1	4	1	4	5	3	14479	893	363	94	302
2380	20240326	4	5	3	1	4	2	43817	56	486.5	97	437
2381	20240114	3	2	1	3	5	1	43968	680	362.99	100	424
2382	20240210	3	2	3	4	1	3	46294	1985	270.17	57	263
2383	20240316	4	4	2	4	3	3	7003	513	78.87	76	376
2384	20240308	4	3	1	2	5	1	30415	462	275.03	10	29
2385	20240205	4	3	2	2	4	1	44666	1741	33.49	22	417
2386	20240113	2	3	3	3	4	1	24616	800	36.85	34	293
2387	20240321	2	5	2	3	3	2	38121	1776	20.26	70	288
2388	20240127	4	3	1	5	3	3	17056	728	83.16	57	27
2389	20240313	1	5	3	2	3	3	42359	313	35.72	42	336
2390	20240227	1	1	1	3	5	3	8375	1125	393.25	71	11
2391	20240127	3	3	1	4	3	2	1994	1851	249.91	1	403
2392	20240102	4	3	2	2	3	3	25519	1050	493.82	7	402
2393	20240225	5	5	3	4	5	3	5278	1839	232.51	83	479
2394	20240103	5	1	1	2	3	1	43487	1826	456.7	89	28
2395	20240131	2	5	2	1	1	1	17012	1014	129.18	70	355
2396	20240313	4	5	3	4	3	2	23861	374	442.77	91	129
2397	20240306	4	1	1	1	5	3	44825	478	246.21	20	8
2398	20240226	4	3	1	3	3	2	5809	118	219.81	65	290
2399	20240307	5	2	2	2	1	3	4171	1967	135.61	65	91
2400	20240327	3	3	1	1	5	3	30136	357	498.46	15	286
2401	20240326	1	4	1	3	4	1	46536	918	214.11	35	289
2402	20240305	5	2	3	3	4	2	23535	1070	193.63	28	214
2403	20240221	4	5	3	4	5	2	1619	841	280.88	54	352
2404	20240221	4	4	3	3	4	2	47426	633	280.88	56	358
2405	20240126	1	3	3	5	5	3	23615	927	353.88	94	475
2406	20240324	2	5	1	2	1	1	46530	93	171.86	75	69
2407	20240325	1	5	2	4	4	3	37428	1951	203.34	5	94
2408	20240306	3	3	3	1	2	2	14112	725	64.31	8	68
2409	20240122	2	3	3	5	4	2	5284	692	266.71	46	163
2410	20240218	4	3	1	2	5	2	17529	1828	135.86	94	289
2411	20240302	5	2	3	2	2	3	22012	1198	361.73	92	397
2412	20240103	5	4	3	3	4	1	44013	1588	150.2	11	385
2413	20240131	4	1	3	5	3	1	9009	901	229.75	88	29
2414	20240331	2	4	1	2	3	2	23222	1589	353.53	36	260
2415	20240223	3	2	2	3	4	1	30651	1179	72.83	76	97
2416	20240320	3	3	2	2	1	3	33038	1777	292.16	32	301
2417	20240116	2	2	2	5	4	1	34304	1109	471.59	90	123
2418	20240326	4	5	3	1	3	1	1251	673	373.05	52	84
2419	20240328	4	5	1	3	3	1	45127	910	282.12	91	78
2420	20240225	2	2	2	3	4	2	17497	67	466.46	3	181
2421	20240329	3	5	2	4	4	1	36746	1594	454.63	72	374
2422	20240130	5	4	2	5	4	2	13056	1003	373.12	83	248
2423	20240217	4	5	3	4	1	1	26467	611	105.45	86	368
2424	20240201	3	5	2	1	2	1	44333	21	195.47	2	63
2425	20240309	4	5	3	3	4	3	18598	331	369.14	57	283
2426	20240225	1	3	1	1	5	1	48549	1475	159.23	7	254
2427	20240105	4	3	3	2	3	1	12528	1895	250.47	12	247
2428	20240303	5	5	2	4	3	3	11744	1644	304.55	1	423
2429	20240206	4	3	3	3	1	2	21116	1292	267.89	5	30
2430	20240208	4	2	3	2	1	1	35902	522	390.77	73	195
2431	20240322	2	5	3	1	3	3	10432	882	119.85	4	102
2432	20240308	2	3	2	3	3	2	35759	311	376.64	50	415
2433	20240122	3	2	2	2	5	2	6585	680	18.09	50	493
2434	20240207	5	5	3	1	5	2	6163	689	226.68	27	301
2435	20240212	4	4	2	5	4	1	3769	1477	406.15	53	226
2436	20240112	2	3	1	1	4	2	8843	1410	22.42	93	171
2437	20240320	2	1	1	5	4	3	21521	1065	404.1	44	64
2438	20240104	2	5	3	3	5	1	27186	1312	212.85	64	189
2439	20240316	5	1	1	3	1	1	26809	1975	149.27	56	13
2440	20240302	5	5	1	5	4	1	13911	1607	72.02	61	435
2441	20240225	2	3	2	3	1	3	37014	1692	172.57	3	321
2442	20240112	2	3	2	4	4	1	33077	1649	243.67	88	134
2443	20240219	4	3	2	2	2	1	4702	929	273.33	67	169
2444	20240101	5	3	1	1	2	2	4116	1216	322.88	7	190
2445	20240131	3	5	3	5	4	2	41668	1618	275.33	7	248
2446	20240116	5	5	2	2	1	3	25235	1674	445.03	92	464
2447	20240209	1	1	1	2	1	3	40511	1423	104.44	94	199
2448	20240121	5	1	2	4	3	2	27504	1887	144.42	74	166
2449	20240221	1	5	3	1	1	1	3515	693	354	51	296
2450	20240102	4	4	2	4	3	1	5916	1870	115.13	97	138
2451	20240307	3	5	3	1	2	2	26958	591	218.76	71	143
2452	20240114	1	4	3	5	4	3	31846	291	31.98	9	205
2453	20240201	3	5	2	2	3	1	13630	1951	89.38	43	68
2454	20240210	1	2	2	1	5	1	42831	1325	332.62	58	479
2455	20240225	5	5	1	5	5	1	12013	395	108.57	63	446
2456	20240224	1	5	2	2	2	2	45252	118	496.87	93	276
2457	20240128	3	4	1	4	2	1	19548	131	413.39	91	276
2458	20240123	5	4	1	2	3	2	17152	1088	396.62	74	33
2459	20240306	5	4	2	1	2	2	41798	44	227.17	95	138
2460	20240221	5	5	2	3	5	2	25022	1697	461.05	68	226
2461	20240204	5	3	2	1	4	2	20215	617	453.37	17	283
2462	20240330	1	1	1	2	2	1	49111	1745	33.52	24	431
2463	20240225	4	1	3	1	1	3	16650	1440	467.16	49	307
2464	20240209	1	3	1	5	1	2	20845	1261	253.41	36	298
2465	20240113	4	2	1	5	3	3	30670	1574	206.42	86	112
2466	20240228	3	3	2	2	5	1	35933	1160	171.06	21	451
2467	20240121	4	2	3	2	3	1	39895	1330	377.71	95	318
2468	20240323	1	5	2	4	1	2	1970	1941	103.94	65	370
2469	20240331	4	2	2	1	3	1	47091	483	473.39	82	147
2470	20240120	2	2	1	5	2	1	46154	1284	29.62	12	410
2471	20240126	3	5	2	4	3	2	29896	1186	286.07	11	476
2472	20240222	4	3	3	3	2	1	36112	1648	479.14	77	55
2473	20240227	4	4	1	4	2	2	26438	1790	351.25	85	347
2474	20240101	2	5	3	2	5	1	15393	1754	357.48	13	126
2475	20240227	4	1	1	3	2	1	39842	1407	424.28	13	196
2476	20240310	3	1	2	4	1	3	16764	1456	86.7	49	368
2477	20240307	5	5	1	4	2	1	27523	1766	147.87	29	360
2478	20240313	2	3	1	1	3	1	17239	1890	152.37	59	402
2479	20240115	5	4	2	1	5	3	35835	820	479.06	1	164
2480	20240206	2	2	2	2	3	3	2346	641	281.02	23	16
2481	20240219	1	4	1	1	3	2	30172	882	372.29	44	187
2482	20240104	1	4	1	2	4	3	2709	1431	174.05	49	470
2483	20240310	4	2	1	5	4	3	32157	1878	369.98	57	390
2484	20240311	2	1	3	5	1	3	40826	870	308.85	56	341
2485	20240222	4	3	3	5	5	3	46943	739	400.5	69	107
2486	20240223	3	5	3	5	3	1	37516	881	293.1	75	111
2487	20240114	4	2	1	1	5	3	47694	1711	23.61	11	61
2488	20240310	4	1	1	1	5	3	30379	1808	277.86	26	324
2489	20240103	1	5	1	5	1	3	26146	1347	419.7	62	363
2490	20240217	3	5	2	4	3	1	11471	159	273.45	63	485
2491	20240110	5	4	2	3	2	2	23560	1956	262.28	97	33
2492	20240301	2	1	1	4	3	1	1243	494	454.95	93	134
2493	20240321	4	2	2	2	1	2	31427	1658	465.71	18	173
2494	20240111	5	3	1	2	2	1	29644	800	240.63	19	70
2495	20240305	1	1	2	2	2	1	27623	1432	33.24	32	375
2496	20240305	2	5	2	4	2	1	29011	1419	91.34	64	194
2497	20240321	3	3	1	5	3	1	1833	520	183.97	19	57
2498	20240131	3	3	2	5	4	2	19507	1996	174.54	20	375
2499	20240130	3	2	2	5	2	3	20618	417	448.83	42	237
2500	20240229	5	4	3	5	4	1	19519	141	346.07	42	163
2501	20240126	1	1	3	4	5	1	40987	515	139.07	44	166
2502	20240128	5	4	1	5	5	3	24808	1384	227.52	53	263
2503	20240206	5	1	2	2	1	1	10943	1303	211.88	70	336
2504	20240316	1	3	1	3	4	3	3202	680	189.01	51	57
2505	20240207	3	3	2	4	2	2	48444	1922	33.84	49	51
2506	20240313	2	5	1	3	5	3	25742	226	146.57	38	254
2507	20240121	3	2	2	2	1	2	44333	1767	118.42	22	219
2508	20240108	3	3	3	2	1	3	32669	240	211.97	90	70
2509	20240226	3	3	3	2	5	2	7484	1588	390.17	92	460
2510	20240222	4	1	2	1	2	3	20672	1001	155.28	3	136
2511	20240122	1	5	2	3	2	2	12172	635	443.51	14	22
2512	20240317	2	4	1	2	3	2	20158	417	394.38	57	335
2513	20240104	5	5	1	4	3	1	22188	297	427.99	53	201
2514	20240118	3	3	1	5	5	1	15183	1925	459.15	57	325
2515	20240112	4	4	3	1	2	3	22816	518	384.85	88	266
2516	20240226	5	2	3	3	2	1	12528	1712	477.59	73	65
2517	20240115	3	5	3	1	1	1	14943	868	415.62	66	204
2518	20240306	5	1	1	4	1	1	30018	1973	398.41	18	86
2519	20240116	5	4	2	1	2	3	41546	1900	27.81	64	135
2520	20240127	5	1	2	1	5	2	30821	1590	340.38	31	366
2521	20240207	3	3	1	4	5	2	35977	1412	127.91	76	249
2522	20240226	3	1	3	3	1	1	2931	1364	158.03	27	317
2523	20240226	3	2	1	4	4	3	44938	997	42.45	50	276
2524	20240310	5	4	1	4	5	2	13863	1551	80.08	87	281
2525	20240324	1	1	2	4	4	3	30714	930	260.92	15	478
2526	20240103	5	2	2	3	1	2	1654	188	186.32	44	251
2527	20240325	2	5	2	4	3	3	34353	854	387.58	12	408
2528	20240104	3	5	1	4	3	1	42870	358	445	20	437
2529	20240222	3	4	2	2	2	3	12901	324	222.2	35	423
2530	20240215	3	4	2	5	2	2	24590	411	213.98	89	143
2531	20240321	5	1	2	1	1	2	24022	382	362.16	44	365
2532	20240119	4	3	2	2	5	3	8102	450	385.4	74	244
2533	20240103	1	5	3	5	4	3	43777	1418	393.53	56	166
2534	20240329	1	4	3	3	5	3	31804	1924	72.55	3	240
2535	20240322	1	1	2	5	5	3	38973	1457	239.44	10	336
2536	20240331	1	4	3	3	2	2	26501	127	390.43	49	289
2537	20240107	2	2	2	1	1	2	35439	1501	38.91	63	16
2538	20240109	1	2	1	1	4	3	20928	1869	67.75	11	23
2539	20240218	5	1	3	5	5	3	41273	1299	198.63	57	380
2540	20240303	2	2	3	4	2	2	30852	941	10.66	51	358
2541	20240201	2	4	3	3	1	2	9987	1884	79.56	15	196
2542	20240327	4	1	3	3	3	1	7999	1837	27.36	11	199
2543	20240104	3	2	1	5	4	3	31133	425	383.5	93	16
2544	20240207	4	4	2	1	4	3	32859	354	233.61	51	494
2545	20240207	5	5	2	1	4	1	24896	1270	431.2	49	350
2546	20240120	3	4	1	4	2	1	31521	1733	471.69	25	360
2547	20240128	3	2	2	3	4	2	43258	1323	38.56	89	378
2548	20240307	4	4	1	2	4	3	28096	1504	270.74	38	413
2549	20240208	1	1	1	2	3	1	46819	626	459.27	49	462
2550	20240324	4	1	1	4	3	3	24399	232	178.14	10	149
2551	20240120	4	5	3	5	2	3	8131	735	11.49	87	292
2552	20240310	1	2	3	3	4	2	40047	1277	35.99	5	370
2553	20240103	3	3	2	4	1	2	43500	485	201.36	59	210
2554	20240310	3	4	1	5	3	3	34827	1156	362.53	33	481
2555	20240111	5	4	2	4	2	2	32889	125	146.47	95	250
2556	20240326	2	4	2	1	1	2	44198	1140	327.05	34	341
2557	20240206	2	4	2	2	1	2	21427	103	163.29	90	49
2558	20240219	4	4	2	5	4	3	2889	565	209.4	65	232
2559	20240122	1	4	3	4	4	3	11207	209	343.26	43	22
2560	20240319	3	5	3	4	5	2	4947	1787	228.25	86	366
2561	20240131	3	4	3	3	3	1	8111	54	355.06	74	347
2562	20240329	3	1	2	3	5	2	6682	1103	402.77	94	272
2563	20240213	4	2	2	3	4	1	47722	304	55.43	74	428
2564	20240315	5	1	3	1	1	2	15528	1882	204.48	94	96
2565	20240126	3	2	1	4	2	2	8624	1688	387.83	13	199
2566	20240204	2	2	3	5	2	3	37530	1613	83.77	36	470
2567	20240312	1	1	2	5	3	3	22646	1030	119.71	48	189
2568	20240221	1	5	3	2	3	3	5543	1596	257.38	47	160
2569	20240326	2	5	3	4	1	1	19328	175	389.36	93	328
2570	20240112	3	1	3	1	4	2	36511	851	303.55	95	144
2571	20240215	5	5	1	2	3	1	46163	417	52.25	2	72
2572	20240123	3	1	1	3	5	3	44795	540	427.01	45	204
2573	20240131	1	3	3	4	1	3	37625	980	217.5	100	434
2574	20240322	2	1	3	2	4	2	21207	1391	76.59	81	405
2575	20240212	5	5	2	4	4	1	16352	1685	255.27	97	222
2576	20240322	2	2	3	1	3	1	29725	1995	229.97	92	80
2577	20240212	3	5	2	3	1	2	19873	257	350.91	40	395
2578	20240220	4	5	3	5	3	3	28624	1753	227.28	66	140
2579	20240106	2	3	2	3	4	2	3527	1257	167.39	58	228
2580	20240123	5	3	3	3	1	1	30412	863	443.96	28	105
2581	20240114	5	2	2	5	5	1	4852	465	437.74	79	438
2582	20240226	5	3	3	1	3	1	36575	259	183.2	52	431
2583	20240312	2	2	2	3	4	2	27097	1362	401.38	56	135
2584	20240129	3	2	1	2	1	3	20226	19	445.23	67	124
2585	20240228	3	3	3	1	2	1	46804	722	469.53	80	82
2586	20240206	3	2	1	3	2	1	37668	1169	145.54	87	100
2587	20240309	1	3	3	3	3	2	36485	1864	157.1	14	335
2588	20240201	5	4	1	2	5	2	37819	1764	245.28	5	341
2589	20240125	3	5	3	2	3	2	37557	1664	310.75	66	212
2590	20240211	3	1	3	1	1	3	33555	1971	164.16	28	211
2591	20240125	2	5	3	4	5	1	43856	1042	132.44	71	47
2592	20240326	3	3	3	2	3	3	27066	1903	128.79	81	443
2593	20240201	3	1	3	4	2	3	20571	884	310.79	91	218
2594	20240325	5	5	1	1	3	1	42131	625	285.94	4	446
2595	20240123	1	3	2	5	2	3	47700	1228	102.51	6	8
2596	20240216	1	1	2	4	4	2	37714	238	217.68	57	441
2597	20240208	2	4	1	3	4	1	5810	1960	11.26	64	408
2598	20240226	4	1	3	5	4	3	10254	1300	14	39	436
2599	20240207	1	5	2	5	4	2	3933	793	88.82	98	275
2600	20240315	5	4	2	3	2	1	34763	1942	108.78	77	447
2601	20240229	2	2	1	4	3	2	21647	1140	161.01	1	40
2602	20240328	2	2	3	5	1	1	29900	1568	398.64	98	179
2603	20240130	3	4	2	4	5	2	3436	1233	47.31	5	115
2604	20240228	1	5	2	5	4	3	32276	513	201.46	79	212
2605	20240123	3	2	1	3	3	2	42326	314	43.84	24	373
2606	20240120	5	5	1	4	1	1	26580	1865	444.42	52	136
2607	20240313	5	4	3	3	2	2	17912	1557	348.47	42	297
2608	20240203	1	5	1	5	2	1	38428	1028	205.95	93	252
2609	20240304	1	4	2	1	3	2	20864	42	201.1	57	448
2610	20240307	1	3	2	2	5	2	19308	1185	360.83	51	491
2611	20240125	2	3	1	3	3	1	48324	1799	379.76	91	57
2612	20240123	1	2	3	4	3	1	32063	829	15.98	85	17
2613	20240304	5	5	3	3	1	1	40730	66	425.7	39	469
2614	20240329	1	4	2	1	4	2	20988	1523	295.93	76	191
2615	20240226	3	4	1	3	1	2	33539	910	235.53	27	320
2616	20240202	4	3	2	1	5	1	25877	689	291.26	39	448
2617	20240326	4	4	1	3	5	1	41915	1235	48.6	22	351
2618	20240311	1	4	1	5	5	1	10535	1050	221.84	13	500
2619	20240203	5	3	3	2	2	2	26950	565	128.66	36	345
2620	20240209	3	3	1	1	1	3	32642	1622	297.17	93	118
2621	20240122	5	3	1	3	2	1	32124	1773	96.54	85	313
2622	20240118	3	5	1	2	4	3	16459	1510	386.87	14	246
2623	20240301	5	1	2	3	4	1	37200	694	119.88	77	177
2624	20240218	5	5	3	3	4	1	47421	1853	131.81	38	262
2625	20240120	4	4	2	5	3	3	20124	784	244.1	95	141
2626	20240316	2	2	3	4	4	2	8110	1012	231.53	81	500
2627	20240329	1	2	3	5	5	2	6937	229	117.38	74	113
2628	20240108	2	4	3	2	3	3	6114	1584	234.91	83	417
2629	20240130	3	2	3	2	3	3	40458	823	347.62	19	412
2630	20240210	1	4	1	4	5	2	44623	1734	45.38	98	112
2631	20240327	5	3	2	2	3	3	20587	363	497.01	88	274
2632	20240209	3	1	2	4	4	3	14005	742	59.88	23	485
2633	20240303	1	5	3	2	5	2	13425	1752	412.37	89	490
2634	20240305	4	1	2	4	3	1	41579	1008	19.07	24	97
2635	20240313	3	5	3	1	2	3	47639	1060	420.47	50	112
2636	20240125	1	3	1	1	5	3	3049	1057	307.45	16	439
2637	20240326	3	4	3	1	5	1	13118	611	81.51	2	15
2638	20240316	3	3	3	2	1	3	30838	1504	200.68	61	368
2639	20240119	3	4	3	1	3	2	23354	661	305.23	50	494
2640	20240116	5	5	2	5	2	2	8797	1913	141.27	56	30
2641	20240320	2	2	3	5	4	1	12814	111	98	52	78
2642	20240122	3	3	1	4	4	2	28466	779	100.6	36	462
2643	20240325	1	3	1	2	4	2	46824	16	386.96	84	242
2644	20240102	1	5	2	3	4	2	38323	925	232.71	63	301
2645	20240331	2	3	2	1	2	3	11492	1905	36.42	76	363
2646	20240116	1	4	1	4	5	3	5690	1165	136.42	57	130
2647	20240322	2	3	3	3	5	3	29371	962	72.85	80	388
2648	20240318	1	2	1	2	2	2	15388	1976	228.76	53	390
2649	20240201	1	3	2	5	4	2	33510	818	452.35	96	102
2650	20240322	4	3	3	1	5	1	8600	1134	101.32	2	7
2651	20240104	1	2	1	5	4	1	19155	738	58.91	79	190
2652	20240108	5	2	1	3	4	1	26529	1668	377.23	23	73
2653	20240330	5	1	1	1	4	2	29834	407	217.73	99	486
2654	20240206	2	5	1	2	2	1	6555	1289	355.51	50	423
2655	20240304	2	2	2	4	5	3	22279	1886	259.75	4	6
2656	20240309	1	5	1	1	5	3	38966	121	127.45	4	192
2657	20240331	4	1	1	4	3	2	34994	245	495.24	38	62
2658	20240308	3	5	2	1	5	2	17767	1058	165.55	51	318
2659	20240217	2	3	2	3	2	1	12540	1915	270.67	19	414
2660	20240128	3	3	3	2	3	1	13532	1406	307.08	88	499
2661	20240322	3	5	2	5	3	2	37899	1645	277.08	86	48
2662	20240105	1	5	2	5	5	3	20351	411	49.8	4	73
2663	20240118	5	1	3	3	4	1	31414	1094	280.02	54	238
2664	20240118	1	5	2	5	5	2	44636	1368	428.67	74	345
2665	20240307	3	3	2	3	5	3	2258	169	241.49	69	443
2666	20240131	5	4	1	5	4	1	13518	1318	366.54	65	486
2667	20240315	3	4	1	4	2	3	25574	1653	106.06	97	161
2668	20240130	5	4	3	3	3	3	19014	1952	358.54	18	124
2669	20240322	3	3	2	3	5	2	39839	673	234.19	84	400
2670	20240321	1	4	1	4	5	3	18324	1957	29.81	51	347
2671	20240326	2	5	2	3	1	1	26760	1846	268.04	53	483
2672	20240327	5	3	1	5	1	3	5200	115	219.33	40	216
2673	20240125	4	2	3	3	1	3	47318	447	212.9	86	93
2674	20240223	4	4	3	5	3	2	29554	820	166.91	9	121
2675	20240212	5	1	1	3	4	3	6264	1200	313.21	40	80
2676	20240211	1	5	1	1	4	2	18430	1573	156.42	5	369
2677	20240326	2	3	2	2	3	2	29252	456	105.32	15	168
2678	20240312	5	4	3	3	3	2	21389	427	396.04	90	141
2679	20240106	3	5	3	2	3	2	32637	1910	395.02	96	304
2680	20240104	4	2	2	5	1	1	24356	214	242.71	31	162
2681	20240326	3	5	2	4	4	2	23313	209	20.9	50	223
2682	20240215	4	5	2	3	5	2	17204	761	161.89	5	166
2683	20240301	5	2	1	4	3	2	42510	1103	217.29	24	309
2684	20240311	5	3	1	2	3	3	11670	964	163.01	92	445
2685	20240324	4	2	3	4	2	3	40074	1869	294.68	60	207
2686	20240225	2	5	3	3	5	2	3121	1894	60.63	23	102
2687	20240104	5	1	3	4	4	3	27146	64	23.2	40	400
2688	20240112	5	5	2	3	3	1	24875	46	295.49	53	382
2689	20240114	5	5	1	3	5	3	39718	1683	115.09	71	384
2690	20240210	4	2	1	3	1	2	44758	1153	82.96	79	111
2691	20240310	5	4	3	5	4	3	6376	254	285.55	81	130
2692	20240214	1	3	3	1	5	1	11866	1064	227	94	53
2693	20240210	1	5	1	5	3	1	6219	128	188.77	26	25
2694	20240320	5	2	3	1	3	2	38460	251	57.47	9	328
2695	20240208	1	1	2	4	1	2	33381	1380	112.35	31	45
2696	20240217	3	1	2	3	3	2	21231	1217	467.63	15	377
2697	20240115	1	5	1	5	5	2	13832	279	146.8	1	355
2698	20240229	1	1	2	4	3	2	45161	595	78.55	11	22
2699	20240324	2	1	1	3	3	1	44317	27	117.21	27	131
2700	20240224	4	3	3	3	2	3	38416	323	399.59	3	286
2701	20240315	2	2	3	5	1	3	49691	454	277.51	84	210
2702	20240314	4	2	1	5	4	3	22962	1082	110.4	77	222
2703	20240210	1	3	3	4	4	1	7783	587	257.83	85	436
2704	20240307	2	5	3	4	3	3	43747	1720	176.41	50	112
2705	20240305	2	4	3	5	5	3	18469	555	42.01	80	380
2706	20240218	1	2	3	1	4	2	43185	1416	11.98	66	368
2707	20240213	4	1	3	3	2	3	44651	1171	383.78	6	74
2708	20240201	3	4	1	1	2	1	36632	654	202.45	24	258
2709	20240213	1	2	3	5	3	1	46265	350	455.79	52	310
2710	20240215	3	3	2	5	1	2	18929	1058	262.72	26	458
2711	20240307	4	5	1	3	3	1	9244	1491	358.7	72	320
2712	20240326	3	1	3	3	5	3	1259	196	111.19	9	273
2713	20240111	2	3	3	3	2	3	37805	1616	343.02	2	324
2714	20240208	1	2	3	2	5	1	25801	379	492.22	86	34
2715	20240124	1	5	1	4	4	2	46068	345	380.89	83	111
2716	20240304	5	5	2	1	1	1	13300	842	378.42	25	423
2717	20240329	3	3	3	5	2	3	27844	697	395.07	92	22
2718	20240212	2	3	3	5	3	3	44724	1593	369.23	75	183
2719	20240209	3	4	2	4	2	2	12933	51	173.73	35	386
2720	20240108	2	3	1	3	2	2	20777	442	58.78	20	358
2721	20240131	2	3	1	1	2	3	31026	818	113.36	76	20
2722	20240206	4	4	1	5	1	3	14540	1776	424.79	84	165
2723	20240301	3	3	3	3	5	1	3384	973	352.68	99	434
2724	20240112	3	1	3	1	5	2	35215	856	392.26	48	470
2725	20240324	5	2	2	2	2	1	28483	1035	431.57	4	153
2726	20240303	1	1	1	3	4	3	19777	1306	370.92	80	299
2727	20240107	5	4	3	5	4	1	43521	323	451.38	10	291
2728	20240314	2	3	3	4	4	1	45103	1613	145.96	34	95
2729	20240125	2	2	1	4	1	2	39753	1753	325.08	100	35
2730	20240324	3	3	1	4	4	1	42314	1445	299.66	70	352
2731	20240130	2	4	1	1	1	2	42528	1723	315.51	78	30
2732	20240203	4	4	1	4	4	1	27660	1379	27.19	43	131
2733	20240226	1	4	1	4	1	3	32511	825	372.29	18	180
2734	20240206	2	1	3	3	3	1	18352	1502	374.9	84	405
2735	20240323	1	4	2	5	5	3	39720	472	58.79	59	475
2736	20240229	1	1	1	1	4	1	28058	449	12.29	76	6
2737	20240304	5	4	1	1	3	3	12442	1545	286.38	24	438
2738	20240224	1	3	1	4	3	1	34781	849	199.8	34	161
2739	20240219	3	4	1	1	1	3	13490	1138	437.01	85	196
2740	20240208	1	4	2	4	5	3	34755	53	151.51	83	473
2741	20240225	2	4	2	5	3	2	13525	1668	162.01	29	405
2742	20240109	2	1	1	3	3	2	16341	1643	402.06	79	7
2743	20240324	3	1	3	3	1	2	42182	1449	82.41	24	109
2744	20240222	4	2	2	5	1	1	4730	225	100.88	56	197
2745	20240215	1	2	2	1	1	2	35578	1450	50.81	55	187
2746	20240318	1	4	3	5	2	1	7543	1572	415.34	51	38
2747	20240207	3	2	1	1	1	1	32599	69	456.46	59	115
2748	20240302	2	3	3	5	1	2	10783	291	135.66	42	48
2749	20240328	4	2	1	2	3	3	32230	1057	132.05	31	77
2750	20240319	1	3	1	2	4	3	28484	1330	417.4	100	268
2751	20240122	5	3	2	1	1	1	27186	1620	294.84	31	465
2752	20240125	1	2	2	2	4	3	37308	1185	419.62	61	251
2753	20240121	3	3	2	2	4	1	20387	1487	212.42	3	417
2754	20240226	2	2	1	1	3	3	35811	1485	382.98	96	98
2755	20240109	1	2	1	4	3	3	18867	1874	246.84	10	97
2756	20240327	5	1	1	5	3	1	4081	1177	307.91	28	252
2757	20240311	2	1	3	1	2	2	42493	378	418.97	96	212
2758	20240301	5	1	1	4	2	1	27148	82	425.9	69	135
2759	20240208	1	4	3	5	2	1	12065	950	369.08	64	371
2760	20240306	4	2	3	1	1	1	22528	1421	147.34	14	475
2761	20240224	2	4	2	4	2	3	37863	1342	430.67	74	264
2762	20240114	1	1	1	5	2	3	32953	1341	346.66	3	22
2763	20240101	5	4	2	5	3	2	15141	1464	443.35	57	439
2764	20240129	1	5	2	4	5	2	5570	49	339.98	38	107
2765	20240213	2	4	1	2	2	3	28278	512	81.34	74	98
2766	20240219	4	2	3	4	5	1	48087	1068	332	42	375
2767	20240305	4	2	3	3	5	2	2170	729	445.83	82	121
2768	20240330	5	4	3	2	1	3	9550	725	340.46	83	450
2769	20240309	4	2	3	3	1	3	27350	1713	371.27	85	382
2770	20240203	4	2	3	1	5	2	34889	1617	140.74	71	59
2771	20240324	4	3	3	5	4	2	13445	1594	356.57	54	454
2772	20240101	2	4	1	5	1	1	3381	1784	251.84	85	161
2773	20240128	4	5	2	4	5	3	36847	304	394.31	91	89
2774	20240112	2	3	2	1	1	1	13504	498	444.24	86	222
2775	20240203	1	2	1	4	2	2	38824	543	201.98	34	415
2776	20240318	4	1	1	4	5	2	7753	474	67.77	5	40
2777	20240127	2	4	1	2	1	3	30872	1353	170.89	67	72
2778	20240127	1	2	3	1	1	3	39044	1176	233.89	83	404
2779	20240209	2	1	3	4	5	3	11207	1459	465.19	69	356
2780	20240106	2	1	1	1	2	1	14905	1465	455.76	55	411
2781	20240203	5	3	3	2	2	3	45876	415	182.24	100	168
2782	20240208	1	3	1	4	3	3	9925	1182	115.12	86	97
2783	20240322	5	5	2	5	1	1	3288	1553	209.68	1	230
2784	20240129	3	1	2	4	4	1	15334	1942	171.78	44	418
2785	20240320	5	5	3	5	5	1	12555	117	451.42	65	312
2786	20240307	5	2	2	3	3	2	16303	853	202.52	68	462
2787	20240327	5	1	1	3	1	2	48019	805	424.88	61	131
2788	20240327	2	1	3	2	4	2	41246	1582	467.42	90	409
2789	20240216	3	3	1	3	4	2	17454	285	290.23	95	138
2790	20240218	5	1	1	3	2	3	45668	197	387.14	82	336
2791	20240313	3	4	1	2	3	3	40489	1054	272.38	32	345
2792	20240207	3	3	2	5	1	1	3281	433	315.44	12	93
2793	20240312	5	1	1	1	5	1	20448	738	376.86	15	207
2794	20240218	2	5	3	1	2	2	33349	1397	475.15	52	484
2795	20240323	5	3	3	5	5	2	5095	1167	290.49	63	385
2796	20240207	2	1	1	3	5	2	34836	684	478.87	70	463
2797	20240102	1	2	2	3	2	1	16997	568	428.02	87	462
2798	20240106	2	5	3	5	4	1	28257	303	156.32	95	329
2799	20240130	4	1	2	2	2	1	4208	804	40.7	96	477
2800	20240303	2	3	2	1	2	3	46445	1925	66.1	19	360
2801	20240120	2	4	2	4	5	3	8770	365	126.81	66	88
2802	20240114	2	5	2	2	2	1	11011	1570	62.5	94	243
2803	20240224	2	4	1	3	3	2	26098	829	444.16	52	168
2804	20240228	3	5	3	2	2	3	7870	700	477.37	21	132
2805	20240120	2	5	3	2	3	2	32127	1892	418.82	55	279
2806	20240207	2	1	1	4	5	3	32653	1020	13.71	83	390
2807	20240223	3	1	3	1	4	2	22926	1159	299.67	99	461
2808	20240321	5	1	1	1	3	2	45890	1900	71.86	54	80
2809	20240118	4	5	1	2	4	1	43265	1999	481.17	49	398
2810	20240101	5	3	3	2	4	3	45606	631	312.95	8	142
2811	20240226	5	3	1	3	1	2	39821	95	121.18	9	88
2812	20240313	2	4	2	2	3	2	8127	1505	362.66	46	337
2813	20240331	3	1	2	1	4	1	30690	82	238.86	23	192
2814	20240318	3	3	2	2	1	1	39261	1628	226.52	66	358
2815	20240114	5	1	2	5	2	2	24798	1285	316.84	16	334
2816	20240325	4	5	2	5	4	3	17813	578	348.05	7	334
2817	20240225	2	3	2	2	1	2	3825	309	449.7	66	305
2818	20240117	3	3	3	2	4	1	17825	1675	238.94	14	388
2819	20240129	2	4	2	1	1	3	46627	926	470.82	95	271
2820	20240301	5	3	2	4	2	2	35325	1270	186.72	83	38
2821	20240320	4	3	1	2	5	2	15828	1562	308.22	63	429
2822	20240120	1	4	3	1	2	2	12900	1196	296.02	29	408
2823	20240102	5	2	1	4	4	1	5000	634	446.91	96	447
2824	20240307	3	1	2	3	2	2	7870	142	32.18	82	476
2825	20240301	5	5	1	3	2	3	17331	1851	45.15	81	454
2826	20240218	5	5	3	4	4	2	1462	1724	47.64	17	447
2827	20240314	3	1	2	5	4	1	45306	757	97.22	25	228
2828	20240328	4	3	3	1	4	3	28498	1334	143.73	12	463
2829	20240207	2	2	3	4	5	1	30340	778	323.96	63	482
2830	20240222	4	3	2	1	4	1	2658	876	406.22	65	25
2831	20240106	3	5	3	1	5	1	12115	466	234.83	11	25
2832	20240106	5	1	1	3	1	1	7666	309	149.96	96	241
2833	20240107	1	5	1	4	3	3	32812	677	86.52	9	158
2834	20240308	4	5	1	4	2	1	24508	873	139.17	8	465
2835	20240224	3	5	2	2	4	1	5704	120	68.92	79	254
2836	20240218	5	1	1	2	1	2	38466	872	152.01	22	247
2837	20240109	4	2	2	1	3	3	22645	1609	89.6	30	343
2838	20240108	5	2	1	4	2	1	29572	1427	210.16	27	240
2839	20240219	5	3	3	1	3	1	34220	414	200.76	28	73
2840	20240327	3	1	2	4	1	3	37248	1053	403.39	57	249
2841	20240313	3	2	3	1	2	2	32835	1406	109.74	93	436
2842	20240317	5	4	2	1	1	2	17945	1568	353.64	23	309
2843	20240328	1	2	3	3	4	1	44436	1143	478.34	96	489
2844	20240226	1	1	2	3	3	1	44996	534	55.58	8	80
2845	20240229	1	1	2	4	4	1	40877	601	378.1	70	24
2846	20240229	5	5	1	1	3	3	21932	1898	436.11	2	361
2847	20240122	5	1	3	5	3	1	24676	229	174.54	10	338
2848	20240305	3	1	1	4	3	1	48771	1797	376.17	55	399
2849	20240107	2	4	2	1	3	3	43084	150	31.08	100	448
2850	20240202	4	2	3	5	3	2	13209	545	419.18	39	335
2851	20240130	3	4	3	5	2	2	30278	1276	72.73	60	261
2852	20240208	1	5	1	2	3	1	45734	1192	195.24	35	98
2853	20240122	3	2	3	3	2	2	17292	188	336.91	42	213
2854	20240101	4	5	2	4	2	3	23889	22	85.05	5	386
2855	20240104	4	3	1	2	4	1	3059	246	415.84	54	131
2856	20240223	5	4	2	5	3	2	5786	1380	436.34	50	261
2857	20240319	2	5	1	3	5	2	19872	470	401.81	68	171
2858	20240328	4	5	2	1	4	2	35663	90	298.42	2	343
2859	20240227	1	3	2	2	2	1	24244	987	208.49	45	162
2860	20240313	1	5	1	2	1	2	27824	324	485.55	10	439
2861	20240115	4	5	3	2	5	2	18328	810	394.68	18	79
2862	20240225	1	1	1	5	4	1	9849	236	458.15	17	76
2863	20240330	4	2	3	1	4	2	40457	1563	263.33	50	146
2864	20240118	4	3	2	3	2	3	38321	1016	275.27	74	303
2865	20240310	4	2	3	5	4	1	1443	1076	304.38	46	436
2866	20240301	1	4	2	5	2	3	34286	1189	491.22	41	293
2867	20240226	1	4	1	1	1	3	10278	342	163.57	23	85
2868	20240105	4	4	3	3	2	3	3457	122	498.74	55	365
2869	20240216	2	3	2	1	5	2	1158	1185	170.93	30	77
2870	20240127	2	5	1	4	1	1	37305	1391	400.39	4	277
2871	20240131	5	5	1	3	5	2	43757	764	199.94	81	62
2872	20240102	1	4	3	2	1	1	10666	1286	393.61	2	164
2873	20240208	5	4	2	3	5	2	5929	532	151.46	15	162
2874	20240115	2	3	2	3	3	2	22896	808	363.1	46	397
2875	20240111	2	1	2	3	4	2	26748	442	366.12	16	445
2876	20240126	2	1	2	3	1	1	25954	754	477.42	18	117
2877	20240322	2	2	1	5	1	2	17230	1461	153.4	66	292
2878	20240102	5	4	1	5	3	3	46769	88	279.79	43	101
2879	20240331	3	1	2	3	4	2	49341	1837	75.33	23	433
2880	20240310	1	2	2	3	3	2	10135	1631	105.84	67	237
2881	20240324	3	4	1	3	1	3	12028	1110	319.41	70	292
2882	20240326	2	3	2	3	4	1	45124	1667	337.89	92	77
2883	20240223	1	4	1	1	3	3	39918	1367	346.49	28	259
2884	20240328	2	5	1	4	3	2	23799	1101	470.13	20	172
2885	20240213	2	2	3	4	2	2	2777	868	351.36	100	211
2886	20240210	3	1	3	5	4	3	2144	1804	421.94	10	180
2887	20240106	4	2	2	4	4	3	29100	1959	33.59	74	184
2888	20240321	5	2	3	1	2	3	23950	1549	199.9	26	130
2889	20240204	5	5	3	2	3	1	44155	1330	10.43	88	271
2890	20240117	2	2	3	5	3	1	7179	926	215.74	40	454
2891	20240319	1	2	1	1	2	1	34069	1308	235.6	24	107
2892	20240115	2	2	1	5	2	2	5543	1671	459.61	59	318
2893	20240206	3	5	2	1	4	1	29314	407	87.86	45	460
2894	20240124	4	4	2	3	2	1	29730	1404	89.51	62	14
2895	20240328	1	5	2	5	2	3	24767	482	402.39	5	323
2896	20240325	4	2	2	5	5	3	25330	1291	81.37	41	429
2897	20240322	5	3	2	5	4	2	3266	975	34.77	45	81
2898	20240310	1	2	2	4	4	2	49139	1923	171.58	10	499
2899	20240221	4	1	1	4	3	1	48733	1977	412.35	70	54
2900	20240212	1	5	2	3	5	2	3520	1741	266.68	34	257
2901	20240124	1	3	2	1	4	3	7426	620	399.06	81	272
2902	20240330	1	1	1	3	1	2	24828	896	60.34	49	276
2903	20240226	2	4	3	4	3	2	4010	1742	355.13	43	280
2904	20240327	3	4	2	5	5	2	46073	1365	484.63	14	141
2905	20240201	2	2	1	2	4	2	46295	1539	414.85	49	60
2906	20240103	4	4	2	2	2	2	48037	1245	14.96	53	138
2907	20240131	3	5	2	5	2	1	21194	624	46.15	71	27
2908	20240319	4	2	1	2	4	2	6320	589	40.08	88	25
2909	20240126	4	4	3	4	1	2	10150	1757	385.93	35	351
2910	20240311	1	4	2	2	2	2	7369	47	115.99	85	142
2911	20240301	1	2	2	2	5	2	2386	1003	293.03	100	128
2912	20240328	3	3	2	2	3	3	10626	782	78	96	271
2913	20240219	2	2	1	3	3	2	22414	987	397.54	68	60
2914	20240119	3	5	2	2	2	2	39403	1344	194.99	66	154
2915	20240213	5	4	2	2	1	1	39823	110	145.33	94	137
2916	20240326	4	5	3	1	4	3	38627	1448	389.18	82	284
2917	20240309	3	4	1	3	3	2	22501	1473	383.84	72	304
2918	20240328	1	5	1	3	4	3	35087	512	323.4	39	453
2919	20240119	4	1	2	5	2	2	44629	527	216.67	44	120
2920	20240120	5	3	1	1	4	2	16007	497	66.75	25	258
2921	20240310	2	1	2	3	2	3	7071	833	211.94	66	448
2922	20240321	2	2	3	2	4	2	45671	355	197.55	53	250
2923	20240214	1	1	1	1	2	3	1521	1319	146.02	62	340
2924	20240307	2	5	1	2	1	3	45776	52	71.91	27	231
2925	20240105	3	5	1	4	5	2	25412	387	241.91	68	296
2926	20240207	5	2	1	4	3	1	16610	834	243.31	65	64
2927	20240303	2	2	1	4	5	1	37714	1273	75.06	89	380
2928	20240115	4	2	3	1	3	3	15677	955	344.46	7	155
2929	20240114	2	3	1	5	3	3	29933	249	424.11	30	291
2930	20240325	5	4	2	5	3	3	27453	1098	420.39	38	362
2931	20240202	4	3	1	3	2	1	13118	1943	74.24	59	49
2932	20240319	5	4	2	5	5	2	38428	1463	73.18	51	467
2933	20240120	1	3	2	1	1	3	42715	1799	421.54	13	454
2934	20240210	2	3	3	3	3	3	25497	1418	237.76	76	447
2935	20240329	2	3	3	2	1	1	11049	13	22.15	73	215
2936	20240214	2	4	2	3	1	3	17438	450	420.59	74	495
2937	20240210	5	3	1	1	4	1	32892	900	427.76	16	253
2938	20240226	4	2	2	2	3	2	12422	1776	365.18	18	454
2939	20240111	1	1	1	2	3	1	12363	1738	223.69	96	172
2940	20240102	1	5	1	1	3	1	2142	155	465.29	62	66
2941	20240331	5	2	3	2	5	1	38032	1080	470.2	95	468
2942	20240313	4	2	1	5	4	3	14402	404	16.94	22	392
2943	20240316	4	5	3	3	5	1	15586	1315	46.18	62	21
2944	20240309	3	4	3	5	3	2	37495	808	344.94	16	147
2945	20240317	1	3	1	3	1	3	11002	161	233.71	83	230
2946	20240204	4	3	3	2	3	1	19764	609	76.15	72	443
2947	20240220	5	1	1	5	5	3	43238	1519	163.53	61	429
2948	20240331	4	4	1	5	1	3	23235	1813	189.53	93	272
2949	20240102	3	5	1	4	4	2	21731	1179	237.67	36	415
2950	20240121	5	5	2	4	3	2	8098	1925	359.16	71	95
2951	20240201	1	2	3	4	1	2	49702	1137	495.56	90	213
2952	20240103	4	4	1	2	3	3	42092	1403	315.99	10	411
2953	20240107	2	4	2	3	5	3	28047	822	129.33	86	347
2954	20240221	4	3	2	3	5	1	41078	561	147.89	76	166
2955	20240316	4	1	3	2	4	3	20724	1308	130.71	34	421
2956	20240107	3	4	2	1	2	3	1815	1005	439.48	64	463
2957	20240114	5	5	1	5	1	3	42617	404	109.17	44	18
2958	20240317	1	1	3	1	2	2	26984	1380	423.02	67	500
2959	20240106	2	3	1	5	2	2	29985	571	275.71	38	437
2960	20240310	4	3	2	2	2	3	39514	1536	304.14	11	103
2961	20240229	5	3	3	2	3	1	34723	1975	36.06	74	343
2962	20240312	4	3	2	4	2	1	21862	598	165.51	99	71
2963	20240324	1	4	3	3	5	2	1688	1324	453.02	89	106
2964	20240320	2	1	2	1	4	3	46708	1892	331.2	57	391
2965	20240328	5	1	3	2	2	2	26249	1059	488.64	12	104
2966	20240208	5	5	2	1	4	1	46498	1011	453.07	65	28
2967	20240104	4	2	2	2	2	1	33900	1859	70.35	42	85
2968	20240228	3	5	3	2	4	3	10086	902	290.1	62	155
2969	20240325	1	3	3	5	2	3	43110	432	236.78	69	430
2970	20240107	2	1	2	5	1	3	39910	425	251.18	4	48
2971	20240113	4	1	3	3	5	3	43288	827	63.38	84	14
2972	20240124	1	5	3	1	2	1	30383	1469	419.43	71	21
2973	20240330	1	3	3	1	5	2	14050	470	341.97	24	458
2974	20240116	5	3	3	5	2	3	26251	1105	37.84	36	372
2975	20240325	3	5	2	2	3	1	9411	556	493	52	76
2976	20240207	3	5	3	5	2	1	38032	1966	320.26	1	305
2977	20240207	4	2	3	3	1	2	29022	1284	325.07	72	57
2978	20240319	2	2	3	5	1	1	30974	235	328.63	22	59
2979	20240216	3	5	2	1	5	2	30707	661	410.67	11	468
2980	20240116	4	1	3	5	2	3	12793	1909	373.14	75	423
2981	20240117	3	1	3	1	5	3	7260	1638	194.69	30	487
2982	20240121	1	1	3	5	1	2	6264	1762	278.93	97	464
2983	20240115	2	5	3	4	3	3	34748	654	193.32	81	172
2984	20240325	2	2	3	1	2	1	28958	1476	211.17	42	347
2985	20240209	2	2	3	4	1	2	14445	939	296.18	12	123
2986	20240213	4	1	2	5	4	1	26330	861	51.06	9	401
2987	20240125	2	2	1	2	2	3	12807	1792	490.84	70	171
2988	20240301	1	2	3	3	1	2	18465	820	99.1	95	93
2989	20240318	5	2	3	5	5	1	7719	1992	491.34	47	170
2990	20240119	3	4	2	1	3	2	33823	1463	360.74	69	398
2991	20240331	4	3	2	4	1	1	23303	517	161.45	76	432
2992	20240114	3	5	2	2	5	3	3533	1253	310.47	86	389
2993	20240221	1	3	1	5	2	2	14070	546	237.23	5	203
2994	20240113	2	1	2	3	4	2	37733	810	333.85	70	216
2995	20240331	2	3	1	2	2	3	2006	1575	348.17	18	475
2996	20240101	1	5	2	1	4	1	48436	1134	171.34	47	60
2997	20240219	2	2	3	1	2	1	41234	198	405.8	32	234
2998	20240103	4	5	1	5	1	2	3399	1785	284.96	29	292
2999	20240301	5	3	1	2	4	3	21645	652	299.09	77	146
3000	20240104	1	3	2	4	1	1	20056	1369	442.15	13	421
\.


--
-- Name: dim_age_group_age_id_seq; Type: SEQUENCE SET; Schema: public; Owner: postgres
--

SELECT pg_catalog.setval('public.dim_age_group_age_id_seq', 1, false);


--
-- Name: dim_date_date_id_seq; Type: SEQUENCE SET; Schema: public; Owner: postgres
--

SELECT pg_catalog.setval('public.dim_date_date_id_seq', 1, false);


--
-- Name: dim_device_type_device_type_id_seq; Type: SEQUENCE SET; Schema: public; Owner: postgres
--

SELECT pg_catalog.setval('public.dim_device_type_device_type_id_seq', 1, false);


--
-- Name: dim_gender_gender_id_seq; Type: SEQUENCE SET; Schema: public; Owner: postgres
--

SELECT pg_catalog.setval('public.dim_gender_gender_id_seq', 1, false);


--
-- Name: dim_placement_placement_id_seq; Type: SEQUENCE SET; Schema: public; Owner: postgres
--

SELECT pg_catalog.setval('public.dim_placement_placement_id_seq', 1, false);


--
-- Name: dim_platform_platform_id_seq; Type: SEQUENCE SET; Schema: public; Owner: postgres
--

SELECT pg_catalog.setval('public.dim_platform_platform_id_seq', 1, false);


--
-- Name: dim_region_region_id_seq; Type: SEQUENCE SET; Schema: public; Owner: postgres
--

SELECT pg_catalog.setval('public.dim_region_region_id_seq', 1, false);


--
-- Name: fact_ad_metrics_daily_id_seq; Type: SEQUENCE SET; Schema: public; Owner: postgres
--

SELECT pg_catalog.setval('public.fact_ad_metrics_daily_id_seq', 3000, true);


--
-- PostgreSQL database dump complete
--

